HostName,Datastore,CanonicalName
usphnu0002.ams.nestle.com,3par_usphn-c0000-oasis_ds06,naa.60002ac000000000000000090001b02e
usphnu0002.ams.nestle.com,3par_usphn-c0000-oasis_ds07,naa.60002ac0000000000000000a0001b02e
usphnu0002.ams.nestle.com,3par_usphn-c0000-oasis_ds08,naa.60002ac0000000000000000b0001b02e
usphnu0002.ams.nestle.com,3par_usphn-c0000-oasis_ds09,naa.60002ac0000000000000000c0001b02e
usphnu0002.ams.nestle.com,3par_usphn-c0000-oasis_ds10,naa.60002ac0000000000000000d0001b02e
usphnu0002.ams.nestle.com,3par_usphn-c0000-oasis_ds11,naa.60002ac0000000000000000e0001b02e
usphnu0002.ams.nestle.com,3par_usphn-c0000-oasis_ds12,naa.60002ac0000000000000000f0001b02e
usphnu0002.ams.nestle.com,3par_usphn-c0000-oasis_ds13,naa.60002ac000000000000000100001b02e
usphnu0002.ams.nestle.com,3par_usphn-c0000-oasis_ds14,naa.60002ac000000000000000110001b02e
usphnu0002.ams.nestle.com,3par_usphn-c0000-oasis_ds15,naa.60002ac000000000000000120001b02e
usphnu0002.ams.nestle.com,3par_usphn-c0000-oasis_ds16,naa.60002ac000000000000000130001b02e
usphnu0002.ams.nestle.com,3par_usphn-c0000-oasis_ds17,naa.60002ac000000000000000140001b02e
usphnu0002.ams.nestle.com,3par_usphn-c0000-oasis_ds18,naa.60002ac000000000000000150001b02e
usphnu0002.ams.nestle.com,3par_usphn-c0000-oasis_ds19,naa.60002ac000000000000000160001b02e
usphnu0002.ams.nestle.com,3par_usphn-c0000-oasis_ds20,naa.60002ac000000000000000170001b02e
usphnu0002.ams.nestle.com,3par_usphn-c0000-oasis_ds21,naa.60002ac000000000000000430001b02e
usphnu0002.ams.nestle.com,3par_usphn-c0000-oasis_ds22,naa.60002ac000000000000000440001b02e
usphnu0002.ams.nestle.com,3par_usphn-c0000-oasis_ds23,naa.60002ac000000000000000450001b02e
usphnu0002.ams.nestle.com,3par_usphn-c0000-oasis_ds24,naa.60002ac000000000000000460001b02e
usphnu0002.ams.nestle.com,3par_usphn-c0000-oasis_ds25,naa.60002ac000000000000000480001b02e
usphnu0002.ams.nestle.com,3par_usphn-c0000-oasis_ds26,naa.60002ac000000000000000490001b02e
usphnu0002.ams.nestle.com,3par_usphn-c0000-oasis_ds27,naa.60002ac0000000000000004b0001b02e
usphnu0002.ams.nestle.com,3par_usphn-c0000-oasis_ds28,naa.60002ac0000000000000004c0001b02e
usphnu0002.ams.nestle.com,3par_usphn-c0000-oasis_ds29,naa.60002ac0000000000000004d0001b02e
usphnu0002.ams.nestle.com,3par_usphn-c0000-oasis_ds30,naa.60002ac0000000000000004e0001b02e
usphnu0002.ams.nestle.com,3par_usphn-c0000-oasis_ds31,naa.60002ac0000000000000004f0001b02e
usphnu0002.ams.nestle.com,3par_usphn-c0000-oasis_ds32,naa.60002ac000000000000000540001b02e
usphnu0002.ams.nestle.com,3par_usphn-c0000-oasis_ds33,naa.60002ac000000000000000550001b02e
usphnu0002.ams.nestle.com,3par_usphn-c0000-oasis_ds34,naa.60002ac000000000000000560001b02e
usphnu0002.ams.nestle.com,3par_usphn-c0000-oasis_ds35,naa.60002ac000000000000000420001b02e
usphnu0002.ams.nestle.com,3par_usphn-c0000-oasis_ds36,naa.60002ac000000000000000180001b02e
usphnu0002.ams.nestle.com,3par_usphn-c0000-oasis_ds37,naa.60002ac000000000000000190001b02e
usphnu0002.ams.nestle.com,3par_usphn-c0000-oasis_ds38,naa.60002ac0000000000000001a0001b02e
usphnu0002.ams.nestle.com,3par_usphn-c0000-oasis_ds39,naa.60002ac0000000000000001b0001b02e
usphnu0002.ams.nestle.com,3par_usphn-c0000-oasis_ds40,naa.60002ac0000000000000001c0001b02e
usphnu0002.ams.nestle.com,3par_usphn-c0000-oasis_ds41,naa.60002ac0000000000000001d0001b02e
usphnu0002.ams.nestle.com,3par_usphn-c0000-oasis_ds42,naa.60002ac0000000000000001e0001b02e
usphnu0002.ams.nestle.com,3par_usphn-c0000-oasis_ds43,naa.60002ac0000000000000001f0001b02e
usphnu0002.ams.nestle.com,3par_usphn-c0000-oasis_ds44,naa.60002ac000000000000000200001b02e
usphnu0002.ams.nestle.com,3par_usphn-c0000-oasis_ds45,naa.60002ac000000000000000210001b02e
usphnu0002.ams.nestle.com,3par_usphn-c0000-oasis_ds46,naa.60002ac000000000000000220001b02e
usphnu0002.ams.nestle.com,3par_usphn-c0000-oasis_ds47,naa.60002ac000000000000000230001b02e
usphnu0002.ams.nestle.com,3par_usphn-c0000-oasis_ds48,naa.60002ac000000000000000240001b02e
usphnu0002.ams.nestle.com,3par_usphn-c0000-oasis_ds49,naa.60002ac000000000000000250001b02e
usphnu0002.ams.nestle.com,3par_usphn-c0000-oasis_ds50,naa.60002ac000000000000000260001b02e
usphnu0002.ams.nestle.com,3par_usphn-c0000-oasis_ds51,naa.60002ac000000000000000270001b02e
usphnu0002.ams.nestle.com,3par_usphn-c0000-oasis_ds52,naa.60002ac000000000000000280001b02e
usphnu0002.ams.nestle.com,3par_usphn-c0000-oasis_ds53,naa.60002ac000000000000000290001b02e
usphnu0002.ams.nestle.com,3par_usphn-c0000-oasis_ds54,naa.60002ac0000000000000002a0001b02e
usphnu0002.ams.nestle.com,3par_usphn-c0000-oasis_ds55,naa.60002ac0000000000000002b0001b02e
usphnu0002.ams.nestle.com,3par_usphn-c0000-oasis_ds56,naa.60002ac0000000000000002c0001b02e
usphnu0002.ams.nestle.com,3par_usphn-c0000-oasis_ds57,naa.60002ac0000000000000002d0001b02e
usphnu0002.ams.nestle.com,3par_usphn-c0000-oasis_ds58,naa.60002ac0000000000000002e0001b02e
usphnu0002.ams.nestle.com,3par_usphn-c0000-oasis_ds59,naa.60002ac0000000000000002f0001b02e
usphnu0002.ams.nestle.com,3par_usphn-c0000-oasis_ds60,naa.60002ac000000000000000300001b02e
usphnu0002.ams.nestle.com,3par_usphn-c0000-oasis_ds61,naa.60002ac000000000000000310001b02e
usphnu0002.ams.nestle.com,3par_usphn-c0000-oasis_ds62,naa.60002ac000000000000000320001b02e
usphnu0002.ams.nestle.com,3par_usphn-c0000-oasis_ds63,naa.60002ac000000000000000330001b02e
usphnu0002.ams.nestle.com,3par_usphn-c0000-oasis_ds64,naa.60002ac000000000000000340001b02e
usphnu0002.ams.nestle.com,3par_usphn-c0000-oasis_ds65,naa.60002ac000000000000000350001b02e
usphnu0002.ams.nestle.com,3par_usphn-c0000-oasis_ds66,naa.60002ac000000000000000410001b02e
usphnu0002.ams.nestle.com,3par_usphn-c0000-oasis_ds67,naa.60002ac000000000000000470001b02e
usphnu0002.ams.nestle.com,3par_usphn-c0000-oasis_ds68,naa.60002ac0000000000000004a0001b02e
usphnu0002.ams.nestle.com,3par_usphn-c0000-oasis_ds69,naa.60002ac000000000000000500001b02e
usphnu0002.ams.nestle.com,3par_usphn-c0000-oasis_ds70,naa.60002ac000000000000000510001b02e
usphnu0002.ams.nestle.com,3par_usphn-c0000-oasis_ds71,naa.60002ac000000000000000520001b02e
usphnu0002.ams.nestle.com,3par_usphn-c0000-oasis_ds72,naa.60002ac000000000000000530001b02e
usphnu0002.ams.nestle.com,3par_usphn-c0000-oasis_ds73,naa.60002ac000000000000000580001b02e
usphnu0002.ams.nestle.com,3par_usphn-c0000-oasis_ds74,naa.60002ac000000000000000590001b02e
usphnu0002.ams.nestle.com,3par_usphn-c0000-oasis_ds75,naa.60002ac0000000000000005a0001b02e
usphnu0002.ams.nestle.com,3par_usphn-c0000-oasis_ds76,naa.60002ac0000000000000005b0001b02e
usphnu0002.ams.nestle.com,3par_usphn-c0000-oasis_ds77,naa.60002ac0000000000000005d0001b02e
usphnu0002.ams.nestle.com,3par_usphn-c0000-oasis_ds78,naa.60002ac0000000000000005e0001b02e
usphnu0002.ams.nestle.com,3par_usphn-c0000-oasis_ds79,naa.60002ac0000000000000005f0001b02e
usphnu0002.ams.nestle.com,3par_usphn-c0000-oasis_ds80,naa.60002ac000000000000000600001b02e
usphnu0002.ams.nestle.com,3par_usphn-c0000-oasis_ds81,naa.60002ac000000000000000610001b02e
usphnu0002.ams.nestle.com,3par_usphn-c0000-oasis_ds82,naa.60002ac000000000000000620001b02e
usphnu0002.ams.nestle.com,3par_usphn-c0000-oasis_ds83,naa.60002ac000000000000000630001b02e
usphnu0002.ams.nestle.com,3par_usphn-c0000-oasis_ds84,naa.60002ac000000000000000640001b02e
usphnu0002.ams.nestle.com,3par_usphn-c0000-oasis_ds85,naa.60002ac000000000000000650001b02e
usphnu0002.ams.nestle.com,3par_usphn-c0000-oasis_ds86,naa.60002ac000000000000000660001b02e
usphnu0002.ams.nestle.com,3par_usphn-c0000-oasis_ds87,naa.60002ac000000000000000670001b02e
usphnu0002.ams.nestle.com,3par_usphn-c0000-oasis_ds88,naa.60002ac000000000000000680001b02e
usphnu0002.ams.nestle.com,3par_usphn-c0000-oasis_ds89,naa.60002ac000000000000000690001b02e
usphnu0002.ams.nestle.com,3par_usphn-c0000-oasis_ds90,naa.60002ac0000000000000006a0001b02e
usphnu0002.ams.nestle.com,3par_usphn-c0000-oasis_ds91,naa.60002ac0000000000000006b0001b02e
usphnu0002.ams.nestle.com,3par_usphn-c0000-oasis_ds92,naa.60002ac0000000000000006c0001b02e
usphnu0002.ams.nestle.com,3par_usphn-c0000-oasis_ds93,naa.60002ac0000000000000006d0001b02e
usphnu0002.ams.nestle.com,3par_usphn-c0000-oasis_ds94,naa.60002ac0000000000000006f0001b02e
usphnu0002.ams.nestle.com,3par_usphn-c0000-oasis_ds95,naa.60002ac000000000000000360001b02e
usphnu0002.ams.nestle.com,3par_usphn-c0000-oasis_ds96,naa.60002ac000000000000000570001b02e
usphnu0002.ams.nestle.com,3par_usphn-c0000-oasis_ds97,naa.60002ac0000000000000005c0001b02e
usphnu0002.ams.nestle.com,3par_usphn-c0000-oasis_ds98,naa.60002ac000000000000000370001b02e
usphnu0002.ams.nestle.com,3par_usphn-c0000-oasis_ds99,naa.60002ac000000000000000380001b02e
usphnu0002.ams.nestle.com,3par_usphn-c0000-oasis_ds100,naa.60002ac000000000000000390001b02e
usphnu0002.ams.nestle.com,3par_usphn-c0000-oasis_ds101,naa.60002ac0000000000000003a0001b02e
usphnu0002.ams.nestle.com,3par_usphn-c0000-oasis_ds102,naa.60002ac0000000000000003b0001b02e
usphnu0002.ams.nestle.com,3par_usphn-c0000-oasis_ds103,naa.60002ac0000000000000003c0001b02e
usphnu0002.ams.nestle.com,3par_usphn-c0000-oasis_ds104,naa.60002ac0000000000000003d0001b02e
usphnu0002.ams.nestle.com,3par_usphn-c0000-oasis_ds105,naa.60002ac0000000000000006e0001b02e
usphnu0002.ams.nestle.com,3par_usphn-c0000-oasis_ds106,naa.60002ac000000000000000700001b02e
usphnu0002.ams.nestle.com,3par_usphn-c0000-oasis_ds107,naa.60002ac000000000000000710001b02e
usphnu0002.ams.nestle.com,3par_usphn-c0000-oasis_ds108,naa.60002ac0000000000000003e0001b02e
usphnu0002.ams.nestle.com,3par_usphn-c0000-oasis_ds109,naa.60002ac0000000000000003f0001b02e
usphnu0002.ams.nestle.com,3par_usphn-c0000-oasis_ds110,naa.60002ac000000000000000400001b02e
usphnu0005.ams.nestle.com,3par_usphn-c0000-oasis_ds06,naa.60002ac000000000000000090001b02e
usphnu0005.ams.nestle.com,3par_usphn-c0000-oasis_ds07,naa.60002ac0000000000000000a0001b02e
usphnu0005.ams.nestle.com,3par_usphn-c0000-oasis_ds08,naa.60002ac0000000000000000b0001b02e
usphnu0005.ams.nestle.com,3par_usphn-c0000-oasis_ds09,naa.60002ac0000000000000000c0001b02e
usphnu0005.ams.nestle.com,3par_usphn-c0000-oasis_ds10,naa.60002ac0000000000000000d0001b02e
usphnu0005.ams.nestle.com,3par_usphn-c0000-oasis_ds11,naa.60002ac0000000000000000e0001b02e
usphnu0005.ams.nestle.com,3par_usphn-c0000-oasis_ds12,naa.60002ac0000000000000000f0001b02e
usphnu0005.ams.nestle.com,3par_usphn-c0000-oasis_ds13,naa.60002ac000000000000000100001b02e
usphnu0005.ams.nestle.com,3par_usphn-c0000-oasis_ds14,naa.60002ac000000000000000110001b02e
usphnu0005.ams.nestle.com,3par_usphn-c0000-oasis_ds15,naa.60002ac000000000000000120001b02e
usphnu0005.ams.nestle.com,3par_usphn-c0000-oasis_ds16,naa.60002ac000000000000000130001b02e
usphnu0005.ams.nestle.com,3par_usphn-c0000-oasis_ds17,naa.60002ac000000000000000140001b02e
usphnu0005.ams.nestle.com,3par_usphn-c0000-oasis_ds18,naa.60002ac000000000000000150001b02e
usphnu0005.ams.nestle.com,3par_usphn-c0000-oasis_ds19,naa.60002ac000000000000000160001b02e
usphnu0005.ams.nestle.com,3par_usphn-c0000-oasis_ds20,naa.60002ac000000000000000170001b02e
usphnu0005.ams.nestle.com,3par_usphn-c0000-oasis_ds21,naa.60002ac000000000000000430001b02e
usphnu0005.ams.nestle.com,3par_usphn-c0000-oasis_ds22,naa.60002ac000000000000000440001b02e
usphnu0005.ams.nestle.com,3par_usphn-c0000-oasis_ds23,naa.60002ac000000000000000450001b02e
usphnu0005.ams.nestle.com,3par_usphn-c0000-oasis_ds24,naa.60002ac000000000000000460001b02e
usphnu0005.ams.nestle.com,3par_usphn-c0000-oasis_ds25,naa.60002ac000000000000000480001b02e
usphnu0005.ams.nestle.com,3par_usphn-c0000-oasis_ds26,naa.60002ac000000000000000490001b02e
usphnu0005.ams.nestle.com,3par_usphn-c0000-oasis_ds27,naa.60002ac0000000000000004b0001b02e
usphnu0005.ams.nestle.com,3par_usphn-c0000-oasis_ds28,naa.60002ac0000000000000004c0001b02e
usphnu0005.ams.nestle.com,3par_usphn-c0000-oasis_ds29,naa.60002ac0000000000000004d0001b02e
usphnu0005.ams.nestle.com,3par_usphn-c0000-oasis_ds30,naa.60002ac0000000000000004e0001b02e
usphnu0005.ams.nestle.com,3par_usphn-c0000-oasis_ds31,naa.60002ac0000000000000004f0001b02e
usphnu0005.ams.nestle.com,3par_usphn-c0000-oasis_ds32,naa.60002ac000000000000000540001b02e
usphnu0005.ams.nestle.com,3par_usphn-c0000-oasis_ds33,naa.60002ac000000000000000550001b02e
usphnu0005.ams.nestle.com,3par_usphn-c0000-oasis_ds34,naa.60002ac000000000000000560001b02e
usphnu0005.ams.nestle.com,3par_usphn-c0000-oasis_ds35,naa.60002ac000000000000000420001b02e
usphnu0005.ams.nestle.com,3par_usphn-c0000-oasis_ds36,naa.60002ac000000000000000180001b02e
usphnu0005.ams.nestle.com,3par_usphn-c0000-oasis_ds37,naa.60002ac000000000000000190001b02e
usphnu0005.ams.nestle.com,3par_usphn-c0000-oasis_ds38,naa.60002ac0000000000000001a0001b02e
usphnu0005.ams.nestle.com,3par_usphn-c0000-oasis_ds39,naa.60002ac0000000000000001b0001b02e
usphnu0005.ams.nestle.com,3par_usphn-c0000-oasis_ds40,naa.60002ac0000000000000001c0001b02e
usphnu0005.ams.nestle.com,3par_usphn-c0000-oasis_ds41,naa.60002ac0000000000000001d0001b02e
usphnu0005.ams.nestle.com,3par_usphn-c0000-oasis_ds42,naa.60002ac0000000000000001e0001b02e
usphnu0005.ams.nestle.com,3par_usphn-c0000-oasis_ds43,naa.60002ac0000000000000001f0001b02e
usphnu0005.ams.nestle.com,3par_usphn-c0000-oasis_ds44,naa.60002ac000000000000000200001b02e
usphnu0005.ams.nestle.com,3par_usphn-c0000-oasis_ds45,naa.60002ac000000000000000210001b02e
usphnu0005.ams.nestle.com,3par_usphn-c0000-oasis_ds46,naa.60002ac000000000000000220001b02e
usphnu0005.ams.nestle.com,3par_usphn-c0000-oasis_ds47,naa.60002ac000000000000000230001b02e
usphnu0005.ams.nestle.com,3par_usphn-c0000-oasis_ds48,naa.60002ac000000000000000240001b02e
usphnu0005.ams.nestle.com,3par_usphn-c0000-oasis_ds49,naa.60002ac000000000000000250001b02e
usphnu0005.ams.nestle.com,3par_usphn-c0000-oasis_ds50,naa.60002ac000000000000000260001b02e
usphnu0005.ams.nestle.com,3par_usphn-c0000-oasis_ds51,naa.60002ac000000000000000270001b02e
usphnu0005.ams.nestle.com,3par_usphn-c0000-oasis_ds52,naa.60002ac000000000000000280001b02e
usphnu0005.ams.nestle.com,3par_usphn-c0000-oasis_ds53,naa.60002ac000000000000000290001b02e
usphnu0005.ams.nestle.com,3par_usphn-c0000-oasis_ds54,naa.60002ac0000000000000002a0001b02e
usphnu0005.ams.nestle.com,3par_usphn-c0000-oasis_ds55,naa.60002ac0000000000000002b0001b02e
usphnu0005.ams.nestle.com,3par_usphn-c0000-oasis_ds56,naa.60002ac0000000000000002c0001b02e
usphnu0005.ams.nestle.com,3par_usphn-c0000-oasis_ds57,naa.60002ac0000000000000002d0001b02e
usphnu0005.ams.nestle.com,3par_usphn-c0000-oasis_ds58,naa.60002ac0000000000000002e0001b02e
usphnu0005.ams.nestle.com,3par_usphn-c0000-oasis_ds59,naa.60002ac0000000000000002f0001b02e
usphnu0005.ams.nestle.com,3par_usphn-c0000-oasis_ds60,naa.60002ac000000000000000300001b02e
usphnu0005.ams.nestle.com,3par_usphn-c0000-oasis_ds61,naa.60002ac000000000000000310001b02e
usphnu0005.ams.nestle.com,3par_usphn-c0000-oasis_ds62,naa.60002ac000000000000000320001b02e
usphnu0005.ams.nestle.com,3par_usphn-c0000-oasis_ds63,naa.60002ac000000000000000330001b02e
usphnu0005.ams.nestle.com,3par_usphn-c0000-oasis_ds64,naa.60002ac000000000000000340001b02e
usphnu0005.ams.nestle.com,3par_usphn-c0000-oasis_ds65,naa.60002ac000000000000000350001b02e
usphnu0005.ams.nestle.com,3par_usphn-c0000-oasis_ds66,naa.60002ac000000000000000410001b02e
usphnu0005.ams.nestle.com,3par_usphn-c0000-oasis_ds67,naa.60002ac000000000000000470001b02e
usphnu0005.ams.nestle.com,3par_usphn-c0000-oasis_ds68,naa.60002ac0000000000000004a0001b02e
usphnu0005.ams.nestle.com,3par_usphn-c0000-oasis_ds69,naa.60002ac000000000000000500001b02e
usphnu0005.ams.nestle.com,3par_usphn-c0000-oasis_ds70,naa.60002ac000000000000000510001b02e
usphnu0005.ams.nestle.com,3par_usphn-c0000-oasis_ds71,naa.60002ac000000000000000520001b02e
usphnu0005.ams.nestle.com,3par_usphn-c0000-oasis_ds72,naa.60002ac000000000000000530001b02e
usphnu0005.ams.nestle.com,3par_usphn-c0000-oasis_ds73,naa.60002ac000000000000000580001b02e
usphnu0005.ams.nestle.com,3par_usphn-c0000-oasis_ds74,naa.60002ac000000000000000590001b02e
usphnu0005.ams.nestle.com,3par_usphn-c0000-oasis_ds75,naa.60002ac0000000000000005a0001b02e
usphnu0005.ams.nestle.com,3par_usphn-c0000-oasis_ds76,naa.60002ac0000000000000005b0001b02e
usphnu0005.ams.nestle.com,3par_usphn-c0000-oasis_ds77,naa.60002ac0000000000000005d0001b02e
usphnu0005.ams.nestle.com,3par_usphn-c0000-oasis_ds78,naa.60002ac0000000000000005e0001b02e
usphnu0005.ams.nestle.com,3par_usphn-c0000-oasis_ds79,naa.60002ac0000000000000005f0001b02e
usphnu0005.ams.nestle.com,3par_usphn-c0000-oasis_ds80,naa.60002ac000000000000000600001b02e
usphnu0005.ams.nestle.com,3par_usphn-c0000-oasis_ds81,naa.60002ac000000000000000610001b02e
usphnu0005.ams.nestle.com,3par_usphn-c0000-oasis_ds82,naa.60002ac000000000000000620001b02e
usphnu0005.ams.nestle.com,3par_usphn-c0000-oasis_ds83,naa.60002ac000000000000000630001b02e
usphnu0005.ams.nestle.com,3par_usphn-c0000-oasis_ds84,naa.60002ac000000000000000640001b02e
usphnu0005.ams.nestle.com,3par_usphn-c0000-oasis_ds85,naa.60002ac000000000000000650001b02e
usphnu0005.ams.nestle.com,3par_usphn-c0000-oasis_ds86,naa.60002ac000000000000000660001b02e
usphnu0005.ams.nestle.com,3par_usphn-c0000-oasis_ds87,naa.60002ac000000000000000670001b02e
usphnu0005.ams.nestle.com,3par_usphn-c0000-oasis_ds88,naa.60002ac000000000000000680001b02e
usphnu0005.ams.nestle.com,3par_usphn-c0000-oasis_ds89,naa.60002ac000000000000000690001b02e
usphnu0005.ams.nestle.com,3par_usphn-c0000-oasis_ds90,naa.60002ac0000000000000006a0001b02e
usphnu0005.ams.nestle.com,3par_usphn-c0000-oasis_ds91,naa.60002ac0000000000000006b0001b02e
usphnu0005.ams.nestle.com,3par_usphn-c0000-oasis_ds92,naa.60002ac0000000000000006c0001b02e
usphnu0005.ams.nestle.com,3par_usphn-c0000-oasis_ds93,naa.60002ac0000000000000006d0001b02e
usphnu0005.ams.nestle.com,3par_usphn-c0000-oasis_ds94,naa.60002ac0000000000000006f0001b02e
usphnu0005.ams.nestle.com,3par_usphn-c0000-oasis_ds95,naa.60002ac000000000000000360001b02e
usphnu0005.ams.nestle.com,3par_usphn-c0000-oasis_ds96,naa.60002ac000000000000000570001b02e
usphnu0005.ams.nestle.com,3par_usphn-c0000-oasis_ds97,naa.60002ac0000000000000005c0001b02e
usphnu0005.ams.nestle.com,3par_usphn-c0000-oasis_ds98,naa.60002ac000000000000000370001b02e
usphnu0005.ams.nestle.com,3par_usphn-c0000-oasis_ds99,naa.60002ac000000000000000380001b02e
usphnu0005.ams.nestle.com,3par_usphn-c0000-oasis_ds100,naa.60002ac000000000000000390001b02e
usphnu0005.ams.nestle.com,3par_usphn-c0000-oasis_ds101,naa.60002ac0000000000000003a0001b02e
usphnu0005.ams.nestle.com,3par_usphn-c0000-oasis_ds102,naa.60002ac0000000000000003b0001b02e
usphnu0005.ams.nestle.com,3par_usphn-c0000-oasis_ds103,naa.60002ac0000000000000003c0001b02e
usphnu0005.ams.nestle.com,3par_usphn-c0000-oasis_ds104,naa.60002ac0000000000000003d0001b02e
usphnu0005.ams.nestle.com,3par_usphn-c0000-oasis_ds105,naa.60002ac0000000000000006e0001b02e
usphnu0005.ams.nestle.com,3par_usphn-c0000-oasis_ds106,naa.60002ac000000000000000700001b02e
usphnu0005.ams.nestle.com,3par_usphn-c0000-oasis_ds107,naa.60002ac000000000000000710001b02e
usphnu0005.ams.nestle.com,3par_usphn-c0000-oasis_ds108,naa.60002ac0000000000000003e0001b02e
usphnu0005.ams.nestle.com,3par_usphn-c0000-oasis_ds109,naa.60002ac0000000000000003f0001b02e
usphnu0005.ams.nestle.com,3par_usphn-c0000-oasis_ds110,naa.60002ac000000000000000400001b02e
usphnu0010.ams.nestle.com,3par_usphn-c0000-oasis_ds06,naa.60002ac000000000000000090001b02e
usphnu0010.ams.nestle.com,3par_usphn-c0000-oasis_ds07,naa.60002ac0000000000000000a0001b02e
usphnu0010.ams.nestle.com,3par_usphn-c0000-oasis_ds08,naa.60002ac0000000000000000b0001b02e
usphnu0010.ams.nestle.com,3par_usphn-c0000-oasis_ds09,naa.60002ac0000000000000000c0001b02e
usphnu0010.ams.nestle.com,3par_usphn-c0000-oasis_ds10,naa.60002ac0000000000000000d0001b02e
usphnu0010.ams.nestle.com,3par_usphn-c0000-oasis_ds11,naa.60002ac0000000000000000e0001b02e
usphnu0010.ams.nestle.com,3par_usphn-c0000-oasis_ds12,naa.60002ac0000000000000000f0001b02e
usphnu0010.ams.nestle.com,3par_usphn-c0000-oasis_ds13,naa.60002ac000000000000000100001b02e
usphnu0010.ams.nestle.com,3par_usphn-c0000-oasis_ds14,naa.60002ac000000000000000110001b02e
usphnu0010.ams.nestle.com,3par_usphn-c0000-oasis_ds15,naa.60002ac000000000000000120001b02e
usphnu0010.ams.nestle.com,3par_usphn-c0000-oasis_ds16,naa.60002ac000000000000000130001b02e
usphnu0010.ams.nestle.com,3par_usphn-c0000-oasis_ds17,naa.60002ac000000000000000140001b02e
usphnu0010.ams.nestle.com,3par_usphn-c0000-oasis_ds18,naa.60002ac000000000000000150001b02e
usphnu0010.ams.nestle.com,3par_usphn-c0000-oasis_ds19,naa.60002ac000000000000000160001b02e
usphnu0010.ams.nestle.com,3par_usphn-c0000-oasis_ds20,naa.60002ac000000000000000170001b02e
usphnu0010.ams.nestle.com,3par_usphn-c0000-oasis_ds21,naa.60002ac000000000000000430001b02e
usphnu0010.ams.nestle.com,3par_usphn-c0000-oasis_ds22,naa.60002ac000000000000000440001b02e
usphnu0010.ams.nestle.com,3par_usphn-c0000-oasis_ds23,naa.60002ac000000000000000450001b02e
usphnu0010.ams.nestle.com,3par_usphn-c0000-oasis_ds24,naa.60002ac000000000000000460001b02e
usphnu0010.ams.nestle.com,3par_usphn-c0000-oasis_ds25,naa.60002ac000000000000000480001b02e
usphnu0010.ams.nestle.com,3par_usphn-c0000-oasis_ds26,naa.60002ac000000000000000490001b02e
usphnu0010.ams.nestle.com,3par_usphn-c0000-oasis_ds27,naa.60002ac0000000000000004b0001b02e
usphnu0010.ams.nestle.com,3par_usphn-c0000-oasis_ds28,naa.60002ac0000000000000004c0001b02e
usphnu0010.ams.nestle.com,3par_usphn-c0000-oasis_ds29,naa.60002ac0000000000000004d0001b02e
usphnu0010.ams.nestle.com,3par_usphn-c0000-oasis_ds30,naa.60002ac0000000000000004e0001b02e
usphnu0010.ams.nestle.com,3par_usphn-c0000-oasis_ds31,naa.60002ac0000000000000004f0001b02e
usphnu0010.ams.nestle.com,3par_usphn-c0000-oasis_ds32,naa.60002ac000000000000000540001b02e
usphnu0010.ams.nestle.com,3par_usphn-c0000-oasis_ds33,naa.60002ac000000000000000550001b02e
usphnu0010.ams.nestle.com,3par_usphn-c0000-oasis_ds34,naa.60002ac000000000000000560001b02e
usphnu0010.ams.nestle.com,3par_usphn-c0000-oasis_ds35,naa.60002ac000000000000000420001b02e
usphnu0010.ams.nestle.com,3par_usphn-c0000-oasis_ds36,naa.60002ac000000000000000180001b02e
usphnu0010.ams.nestle.com,3par_usphn-c0000-oasis_ds37,naa.60002ac000000000000000190001b02e
usphnu0010.ams.nestle.com,3par_usphn-c0000-oasis_ds38,naa.60002ac0000000000000001a0001b02e
usphnu0010.ams.nestle.com,3par_usphn-c0000-oasis_ds39,naa.60002ac0000000000000001b0001b02e
usphnu0010.ams.nestle.com,3par_usphn-c0000-oasis_ds40,naa.60002ac0000000000000001c0001b02e
usphnu0010.ams.nestle.com,3par_usphn-c0000-oasis_ds41,naa.60002ac0000000000000001d0001b02e
usphnu0010.ams.nestle.com,3par_usphn-c0000-oasis_ds42,naa.60002ac0000000000000001e0001b02e
usphnu0010.ams.nestle.com,3par_usphn-c0000-oasis_ds43,naa.60002ac0000000000000001f0001b02e
usphnu0010.ams.nestle.com,3par_usphn-c0000-oasis_ds44,naa.60002ac000000000000000200001b02e
usphnu0010.ams.nestle.com,3par_usphn-c0000-oasis_ds45,naa.60002ac000000000000000210001b02e
usphnu0010.ams.nestle.com,3par_usphn-c0000-oasis_ds46,naa.60002ac000000000000000220001b02e
usphnu0010.ams.nestle.com,3par_usphn-c0000-oasis_ds47,naa.60002ac000000000000000230001b02e
usphnu0010.ams.nestle.com,3par_usphn-c0000-oasis_ds48,naa.60002ac000000000000000240001b02e
usphnu0010.ams.nestle.com,3par_usphn-c0000-oasis_ds49,naa.60002ac000000000000000250001b02e
usphnu0010.ams.nestle.com,3par_usphn-c0000-oasis_ds50,naa.60002ac000000000000000260001b02e
usphnu0010.ams.nestle.com,3par_usphn-c0000-oasis_ds51,naa.60002ac000000000000000270001b02e
usphnu0010.ams.nestle.com,3par_usphn-c0000-oasis_ds52,naa.60002ac000000000000000280001b02e
usphnu0010.ams.nestle.com,3par_usphn-c0000-oasis_ds53,naa.60002ac000000000000000290001b02e
usphnu0010.ams.nestle.com,3par_usphn-c0000-oasis_ds54,naa.60002ac0000000000000002a0001b02e
usphnu0010.ams.nestle.com,3par_usphn-c0000-oasis_ds55,naa.60002ac0000000000000002b0001b02e
usphnu0010.ams.nestle.com,3par_usphn-c0000-oasis_ds56,naa.60002ac0000000000000002c0001b02e
usphnu0010.ams.nestle.com,3par_usphn-c0000-oasis_ds57,naa.60002ac0000000000000002d0001b02e
usphnu0010.ams.nestle.com,3par_usphn-c0000-oasis_ds58,naa.60002ac0000000000000002e0001b02e
usphnu0010.ams.nestle.com,3par_usphn-c0000-oasis_ds59,naa.60002ac0000000000000002f0001b02e
usphnu0010.ams.nestle.com,3par_usphn-c0000-oasis_ds60,naa.60002ac000000000000000300001b02e
usphnu0010.ams.nestle.com,3par_usphn-c0000-oasis_ds61,naa.60002ac000000000000000310001b02e
usphnu0010.ams.nestle.com,3par_usphn-c0000-oasis_ds62,naa.60002ac000000000000000320001b02e
usphnu0010.ams.nestle.com,3par_usphn-c0000-oasis_ds63,naa.60002ac000000000000000330001b02e
usphnu0010.ams.nestle.com,3par_usphn-c0000-oasis_ds64,naa.60002ac000000000000000340001b02e
usphnu0010.ams.nestle.com,3par_usphn-c0000-oasis_ds65,naa.60002ac000000000000000350001b02e
usphnu0010.ams.nestle.com,3par_usphn-c0000-oasis_ds66,naa.60002ac000000000000000410001b02e
usphnu0010.ams.nestle.com,3par_usphn-c0000-oasis_ds67,naa.60002ac000000000000000470001b02e
usphnu0010.ams.nestle.com,3par_usphn-c0000-oasis_ds68,naa.60002ac0000000000000004a0001b02e
usphnu0010.ams.nestle.com,3par_usphn-c0000-oasis_ds69,naa.60002ac000000000000000500001b02e
usphnu0010.ams.nestle.com,3par_usphn-c0000-oasis_ds70,naa.60002ac000000000000000510001b02e
usphnu0010.ams.nestle.com,3par_usphn-c0000-oasis_ds71,naa.60002ac000000000000000520001b02e
usphnu0010.ams.nestle.com,3par_usphn-c0000-oasis_ds72,naa.60002ac000000000000000530001b02e
usphnu0010.ams.nestle.com,3par_usphn-c0000-oasis_ds73,naa.60002ac000000000000000580001b02e
usphnu0010.ams.nestle.com,3par_usphn-c0000-oasis_ds74,naa.60002ac000000000000000590001b02e
usphnu0010.ams.nestle.com,3par_usphn-c0000-oasis_ds75,naa.60002ac0000000000000005a0001b02e
usphnu0010.ams.nestle.com,3par_usphn-c0000-oasis_ds76,naa.60002ac0000000000000005b0001b02e
usphnu0010.ams.nestle.com,3par_usphn-c0000-oasis_ds77,naa.60002ac0000000000000005d0001b02e
usphnu0010.ams.nestle.com,3par_usphn-c0000-oasis_ds78,naa.60002ac0000000000000005e0001b02e
usphnu0010.ams.nestle.com,3par_usphn-c0000-oasis_ds79,naa.60002ac0000000000000005f0001b02e
usphnu0010.ams.nestle.com,3par_usphn-c0000-oasis_ds80,naa.60002ac000000000000000600001b02e
usphnu0010.ams.nestle.com,3par_usphn-c0000-oasis_ds81,naa.60002ac000000000000000610001b02e
usphnu0010.ams.nestle.com,3par_usphn-c0000-oasis_ds82,naa.60002ac000000000000000620001b02e
usphnu0010.ams.nestle.com,3par_usphn-c0000-oasis_ds83,naa.60002ac000000000000000630001b02e
usphnu0010.ams.nestle.com,3par_usphn-c0000-oasis_ds84,naa.60002ac000000000000000640001b02e
usphnu0010.ams.nestle.com,3par_usphn-c0000-oasis_ds85,naa.60002ac000000000000000650001b02e
usphnu0010.ams.nestle.com,3par_usphn-c0000-oasis_ds86,naa.60002ac000000000000000660001b02e
usphnu0010.ams.nestle.com,3par_usphn-c0000-oasis_ds87,naa.60002ac000000000000000670001b02e
usphnu0010.ams.nestle.com,3par_usphn-c0000-oasis_ds88,naa.60002ac000000000000000680001b02e
usphnu0010.ams.nestle.com,3par_usphn-c0000-oasis_ds89,naa.60002ac000000000000000690001b02e
usphnu0010.ams.nestle.com,3par_usphn-c0000-oasis_ds90,naa.60002ac0000000000000006a0001b02e
usphnu0010.ams.nestle.com,3par_usphn-c0000-oasis_ds91,naa.60002ac0000000000000006b0001b02e
usphnu0010.ams.nestle.com,3par_usphn-c0000-oasis_ds92,naa.60002ac0000000000000006c0001b02e
usphnu0010.ams.nestle.com,3par_usphn-c0000-oasis_ds93,naa.60002ac0000000000000006d0001b02e
usphnu0010.ams.nestle.com,3par_usphn-c0000-oasis_ds94,naa.60002ac0000000000000006f0001b02e
usphnu0010.ams.nestle.com,3par_usphn-c0000-oasis_ds95,naa.60002ac000000000000000360001b02e
usphnu0010.ams.nestle.com,3par_usphn-c0000-oasis_ds96,naa.60002ac000000000000000570001b02e
usphnu0010.ams.nestle.com,3par_usphn-c0000-oasis_ds97,naa.60002ac0000000000000005c0001b02e
usphnu0010.ams.nestle.com,3par_usphn-c0000-oasis_ds98,naa.60002ac000000000000000370001b02e
usphnu0010.ams.nestle.com,3par_usphn-c0000-oasis_ds99,naa.60002ac000000000000000380001b02e
usphnu0010.ams.nestle.com,3par_usphn-c0000-oasis_ds100,naa.60002ac000000000000000390001b02e
usphnu0010.ams.nestle.com,3par_usphn-c0000-oasis_ds101,naa.60002ac0000000000000003a0001b02e
usphnu0010.ams.nestle.com,3par_usphn-c0000-oasis_ds102,naa.60002ac0000000000000003b0001b02e
usphnu0010.ams.nestle.com,3par_usphn-c0000-oasis_ds103,naa.60002ac0000000000000003c0001b02e
usphnu0010.ams.nestle.com,3par_usphn-c0000-oasis_ds104,naa.60002ac0000000000000003d0001b02e
usphnu0010.ams.nestle.com,3par_usphn-c0000-oasis_ds105,naa.60002ac0000000000000006e0001b02e
usphnu0010.ams.nestle.com,3par_usphn-c0000-oasis_ds106,naa.60002ac000000000000000700001b02e
usphnu0010.ams.nestle.com,3par_usphn-c0000-oasis_ds107,naa.60002ac000000000000000710001b02e
usphnu0010.ams.nestle.com,3par_usphn-c0000-oasis_ds108,naa.60002ac0000000000000003e0001b02e
usphnu0010.ams.nestle.com,3par_usphn-c0000-oasis_ds109,naa.60002ac0000000000000003f0001b02e
usphnu0010.ams.nestle.com,3par_usphn-c0000-oasis_ds110,naa.60002ac000000000000000400001b02e
usphnu0011.ams.nestle.com,3par_usphn-c0000-oasis_ds06,naa.60002ac000000000000000090001b02e
usphnu0011.ams.nestle.com,3par_usphn-c0000-oasis_ds07,naa.60002ac0000000000000000a0001b02e
usphnu0011.ams.nestle.com,3par_usphn-c0000-oasis_ds08,naa.60002ac0000000000000000b0001b02e
usphnu0011.ams.nestle.com,3par_usphn-c0000-oasis_ds09,naa.60002ac0000000000000000c0001b02e
usphnu0011.ams.nestle.com,3par_usphn-c0000-oasis_ds10,naa.60002ac0000000000000000d0001b02e
usphnu0011.ams.nestle.com,3par_usphn-c0000-oasis_ds11,naa.60002ac0000000000000000e0001b02e
usphnu0011.ams.nestle.com,3par_usphn-c0000-oasis_ds12,naa.60002ac0000000000000000f0001b02e
usphnu0011.ams.nestle.com,3par_usphn-c0000-oasis_ds13,naa.60002ac000000000000000100001b02e
usphnu0011.ams.nestle.com,3par_usphn-c0000-oasis_ds14,naa.60002ac000000000000000110001b02e
usphnu0011.ams.nestle.com,3par_usphn-c0000-oasis_ds15,naa.60002ac000000000000000120001b02e
usphnu0011.ams.nestle.com,3par_usphn-c0000-oasis_ds16,naa.60002ac000000000000000130001b02e
usphnu0011.ams.nestle.com,3par_usphn-c0000-oasis_ds17,naa.60002ac000000000000000140001b02e
usphnu0011.ams.nestle.com,3par_usphn-c0000-oasis_ds18,naa.60002ac000000000000000150001b02e
usphnu0011.ams.nestle.com,3par_usphn-c0000-oasis_ds19,naa.60002ac000000000000000160001b02e
usphnu0011.ams.nestle.com,3par_usphn-c0000-oasis_ds20,naa.60002ac000000000000000170001b02e
usphnu0011.ams.nestle.com,3par_usphn-c0000-oasis_ds21,naa.60002ac000000000000000430001b02e
usphnu0011.ams.nestle.com,3par_usphn-c0000-oasis_ds22,naa.60002ac000000000000000440001b02e
usphnu0011.ams.nestle.com,3par_usphn-c0000-oasis_ds23,naa.60002ac000000000000000450001b02e
usphnu0011.ams.nestle.com,3par_usphn-c0000-oasis_ds24,naa.60002ac000000000000000460001b02e
usphnu0011.ams.nestle.com,3par_usphn-c0000-oasis_ds25,naa.60002ac000000000000000480001b02e
usphnu0011.ams.nestle.com,3par_usphn-c0000-oasis_ds26,naa.60002ac000000000000000490001b02e
usphnu0011.ams.nestle.com,3par_usphn-c0000-oasis_ds27,naa.60002ac0000000000000004b0001b02e
usphnu0011.ams.nestle.com,3par_usphn-c0000-oasis_ds28,naa.60002ac0000000000000004c0001b02e
usphnu0011.ams.nestle.com,3par_usphn-c0000-oasis_ds29,naa.60002ac0000000000000004d0001b02e
usphnu0011.ams.nestle.com,3par_usphn-c0000-oasis_ds30,naa.60002ac0000000000000004e0001b02e
usphnu0011.ams.nestle.com,3par_usphn-c0000-oasis_ds31,naa.60002ac0000000000000004f0001b02e
usphnu0011.ams.nestle.com,3par_usphn-c0000-oasis_ds32,naa.60002ac000000000000000540001b02e
usphnu0011.ams.nestle.com,3par_usphn-c0000-oasis_ds33,naa.60002ac000000000000000550001b02e
usphnu0011.ams.nestle.com,3par_usphn-c0000-oasis_ds34,naa.60002ac000000000000000560001b02e
usphnu0011.ams.nestle.com,3par_usphn-c0000-oasis_ds35,naa.60002ac000000000000000420001b02e
usphnu0011.ams.nestle.com,3par_usphn-c0000-oasis_ds36,naa.60002ac000000000000000180001b02e
usphnu0011.ams.nestle.com,3par_usphn-c0000-oasis_ds37,naa.60002ac000000000000000190001b02e
usphnu0011.ams.nestle.com,3par_usphn-c0000-oasis_ds38,naa.60002ac0000000000000001a0001b02e
usphnu0011.ams.nestle.com,3par_usphn-c0000-oasis_ds39,naa.60002ac0000000000000001b0001b02e
usphnu0011.ams.nestle.com,3par_usphn-c0000-oasis_ds40,naa.60002ac0000000000000001c0001b02e
usphnu0011.ams.nestle.com,3par_usphn-c0000-oasis_ds41,naa.60002ac0000000000000001d0001b02e
usphnu0011.ams.nestle.com,3par_usphn-c0000-oasis_ds42,naa.60002ac0000000000000001e0001b02e
usphnu0011.ams.nestle.com,3par_usphn-c0000-oasis_ds43,naa.60002ac0000000000000001f0001b02e
usphnu0011.ams.nestle.com,3par_usphn-c0000-oasis_ds44,naa.60002ac000000000000000200001b02e
usphnu0011.ams.nestle.com,3par_usphn-c0000-oasis_ds45,naa.60002ac000000000000000210001b02e
usphnu0011.ams.nestle.com,3par_usphn-c0000-oasis_ds46,naa.60002ac000000000000000220001b02e
usphnu0011.ams.nestle.com,3par_usphn-c0000-oasis_ds47,naa.60002ac000000000000000230001b02e
usphnu0011.ams.nestle.com,3par_usphn-c0000-oasis_ds48,naa.60002ac000000000000000240001b02e
usphnu0011.ams.nestle.com,3par_usphn-c0000-oasis_ds49,naa.60002ac000000000000000250001b02e
usphnu0011.ams.nestle.com,3par_usphn-c0000-oasis_ds50,naa.60002ac000000000000000260001b02e
usphnu0011.ams.nestle.com,3par_usphn-c0000-oasis_ds51,naa.60002ac000000000000000270001b02e
usphnu0011.ams.nestle.com,3par_usphn-c0000-oasis_ds52,naa.60002ac000000000000000280001b02e
usphnu0011.ams.nestle.com,3par_usphn-c0000-oasis_ds53,naa.60002ac000000000000000290001b02e
usphnu0011.ams.nestle.com,3par_usphn-c0000-oasis_ds54,naa.60002ac0000000000000002a0001b02e
usphnu0011.ams.nestle.com,3par_usphn-c0000-oasis_ds55,naa.60002ac0000000000000002b0001b02e
usphnu0011.ams.nestle.com,3par_usphn-c0000-oasis_ds56,naa.60002ac0000000000000002c0001b02e
usphnu0011.ams.nestle.com,3par_usphn-c0000-oasis_ds57,naa.60002ac0000000000000002d0001b02e
usphnu0011.ams.nestle.com,3par_usphn-c0000-oasis_ds58,naa.60002ac0000000000000002e0001b02e
usphnu0011.ams.nestle.com,3par_usphn-c0000-oasis_ds59,naa.60002ac0000000000000002f0001b02e
usphnu0011.ams.nestle.com,3par_usphn-c0000-oasis_ds60,naa.60002ac000000000000000300001b02e
usphnu0011.ams.nestle.com,3par_usphn-c0000-oasis_ds61,naa.60002ac000000000000000310001b02e
usphnu0011.ams.nestle.com,3par_usphn-c0000-oasis_ds62,naa.60002ac000000000000000320001b02e
usphnu0011.ams.nestle.com,3par_usphn-c0000-oasis_ds63,naa.60002ac000000000000000330001b02e
usphnu0011.ams.nestle.com,3par_usphn-c0000-oasis_ds64,naa.60002ac000000000000000340001b02e
usphnu0011.ams.nestle.com,3par_usphn-c0000-oasis_ds65,naa.60002ac000000000000000350001b02e
usphnu0011.ams.nestle.com,3par_usphn-c0000-oasis_ds66,naa.60002ac000000000000000410001b02e
usphnu0011.ams.nestle.com,3par_usphn-c0000-oasis_ds67,naa.60002ac000000000000000470001b02e
usphnu0011.ams.nestle.com,3par_usphn-c0000-oasis_ds68,naa.60002ac0000000000000004a0001b02e
usphnu0011.ams.nestle.com,3par_usphn-c0000-oasis_ds69,naa.60002ac000000000000000500001b02e
usphnu0011.ams.nestle.com,3par_usphn-c0000-oasis_ds70,naa.60002ac000000000000000510001b02e
usphnu0011.ams.nestle.com,3par_usphn-c0000-oasis_ds71,naa.60002ac000000000000000520001b02e
usphnu0011.ams.nestle.com,3par_usphn-c0000-oasis_ds72,naa.60002ac000000000000000530001b02e
usphnu0011.ams.nestle.com,3par_usphn-c0000-oasis_ds73,naa.60002ac000000000000000580001b02e
usphnu0011.ams.nestle.com,3par_usphn-c0000-oasis_ds74,naa.60002ac000000000000000590001b02e
usphnu0011.ams.nestle.com,3par_usphn-c0000-oasis_ds75,naa.60002ac0000000000000005a0001b02e
usphnu0011.ams.nestle.com,3par_usphn-c0000-oasis_ds76,naa.60002ac0000000000000005b0001b02e
usphnu0011.ams.nestle.com,3par_usphn-c0000-oasis_ds77,naa.60002ac0000000000000005d0001b02e
usphnu0011.ams.nestle.com,3par_usphn-c0000-oasis_ds78,naa.60002ac0000000000000005e0001b02e
usphnu0011.ams.nestle.com,3par_usphn-c0000-oasis_ds79,naa.60002ac0000000000000005f0001b02e
usphnu0011.ams.nestle.com,3par_usphn-c0000-oasis_ds80,naa.60002ac000000000000000600001b02e
usphnu0011.ams.nestle.com,3par_usphn-c0000-oasis_ds81,naa.60002ac000000000000000610001b02e
usphnu0011.ams.nestle.com,3par_usphn-c0000-oasis_ds82,naa.60002ac000000000000000620001b02e
usphnu0011.ams.nestle.com,3par_usphn-c0000-oasis_ds83,naa.60002ac000000000000000630001b02e
usphnu0011.ams.nestle.com,3par_usphn-c0000-oasis_ds84,naa.60002ac000000000000000640001b02e
usphnu0011.ams.nestle.com,3par_usphn-c0000-oasis_ds85,naa.60002ac000000000000000650001b02e
usphnu0011.ams.nestle.com,3par_usphn-c0000-oasis_ds86,naa.60002ac000000000000000660001b02e
usphnu0011.ams.nestle.com,3par_usphn-c0000-oasis_ds87,naa.60002ac000000000000000670001b02e
usphnu0011.ams.nestle.com,3par_usphn-c0000-oasis_ds88,naa.60002ac000000000000000680001b02e
usphnu0011.ams.nestle.com,3par_usphn-c0000-oasis_ds89,naa.60002ac000000000000000690001b02e
usphnu0011.ams.nestle.com,3par_usphn-c0000-oasis_ds90,naa.60002ac0000000000000006a0001b02e
usphnu0011.ams.nestle.com,3par_usphn-c0000-oasis_ds91,naa.60002ac0000000000000006b0001b02e
usphnu0011.ams.nestle.com,3par_usphn-c0000-oasis_ds92,naa.60002ac0000000000000006c0001b02e
usphnu0011.ams.nestle.com,3par_usphn-c0000-oasis_ds93,naa.60002ac0000000000000006d0001b02e
usphnu0011.ams.nestle.com,3par_usphn-c0000-oasis_ds94,naa.60002ac0000000000000006f0001b02e
usphnu0011.ams.nestle.com,3par_usphn-c0000-oasis_ds95,naa.60002ac000000000000000360001b02e
usphnu0011.ams.nestle.com,3par_usphn-c0000-oasis_ds96,naa.60002ac000000000000000570001b02e
usphnu0011.ams.nestle.com,3par_usphn-c0000-oasis_ds97,naa.60002ac0000000000000005c0001b02e
usphnu0011.ams.nestle.com,3par_usphn-c0000-oasis_ds98,naa.60002ac000000000000000370001b02e
usphnu0011.ams.nestle.com,3par_usphn-c0000-oasis_ds99,naa.60002ac000000000000000380001b02e
usphnu0011.ams.nestle.com,3par_usphn-c0000-oasis_ds100,naa.60002ac000000000000000390001b02e
usphnu0011.ams.nestle.com,3par_usphn-c0000-oasis_ds101,naa.60002ac0000000000000003a0001b02e
usphnu0011.ams.nestle.com,3par_usphn-c0000-oasis_ds102,naa.60002ac0000000000000003b0001b02e
usphnu0011.ams.nestle.com,3par_usphn-c0000-oasis_ds103,naa.60002ac0000000000000003c0001b02e
usphnu0011.ams.nestle.com,3par_usphn-c0000-oasis_ds104,naa.60002ac0000000000000003d0001b02e
usphnu0011.ams.nestle.com,3par_usphn-c0000-oasis_ds105,naa.60002ac0000000000000006e0001b02e
usphnu0011.ams.nestle.com,3par_usphn-c0000-oasis_ds106,naa.60002ac000000000000000700001b02e
usphnu0011.ams.nestle.com,3par_usphn-c0000-oasis_ds107,naa.60002ac000000000000000710001b02e
usphnu0011.ams.nestle.com,3par_usphn-c0000-oasis_ds108,naa.60002ac0000000000000003e0001b02e
usphnu0011.ams.nestle.com,3par_usphn-c0000-oasis_ds109,naa.60002ac0000000000000003f0001b02e
usphnu0011.ams.nestle.com,3par_usphn-c0000-oasis_ds110,naa.60002ac000000000000000400001b02e
usphnu0012.ams.nestle.com,3par_usphn-c0000-oasis_ds06,naa.60002ac000000000000000090001b02e
usphnu0012.ams.nestle.com,3par_usphn-c0000-oasis_ds07,naa.60002ac0000000000000000a0001b02e
usphnu0012.ams.nestle.com,3par_usphn-c0000-oasis_ds08,naa.60002ac0000000000000000b0001b02e
usphnu0012.ams.nestle.com,3par_usphn-c0000-oasis_ds09,naa.60002ac0000000000000000c0001b02e
usphnu0012.ams.nestle.com,3par_usphn-c0000-oasis_ds10,naa.60002ac0000000000000000d0001b02e
usphnu0012.ams.nestle.com,3par_usphn-c0000-oasis_ds11,naa.60002ac0000000000000000e0001b02e
usphnu0012.ams.nestle.com,3par_usphn-c0000-oasis_ds12,naa.60002ac0000000000000000f0001b02e
usphnu0012.ams.nestle.com,3par_usphn-c0000-oasis_ds13,naa.60002ac000000000000000100001b02e
usphnu0012.ams.nestle.com,3par_usphn-c0000-oasis_ds14,naa.60002ac000000000000000110001b02e
usphnu0012.ams.nestle.com,3par_usphn-c0000-oasis_ds15,naa.60002ac000000000000000120001b02e
usphnu0012.ams.nestle.com,3par_usphn-c0000-oasis_ds16,naa.60002ac000000000000000130001b02e
usphnu0012.ams.nestle.com,3par_usphn-c0000-oasis_ds17,naa.60002ac000000000000000140001b02e
usphnu0012.ams.nestle.com,3par_usphn-c0000-oasis_ds18,naa.60002ac000000000000000150001b02e
usphnu0012.ams.nestle.com,3par_usphn-c0000-oasis_ds19,naa.60002ac000000000000000160001b02e
usphnu0012.ams.nestle.com,3par_usphn-c0000-oasis_ds20,naa.60002ac000000000000000170001b02e
usphnu0012.ams.nestle.com,3par_usphn-c0000-oasis_ds21,naa.60002ac000000000000000430001b02e
usphnu0012.ams.nestle.com,3par_usphn-c0000-oasis_ds22,naa.60002ac000000000000000440001b02e
usphnu0012.ams.nestle.com,3par_usphn-c0000-oasis_ds23,naa.60002ac000000000000000450001b02e
usphnu0012.ams.nestle.com,3par_usphn-c0000-oasis_ds24,naa.60002ac000000000000000460001b02e
usphnu0012.ams.nestle.com,3par_usphn-c0000-oasis_ds25,naa.60002ac000000000000000480001b02e
usphnu0012.ams.nestle.com,3par_usphn-c0000-oasis_ds26,naa.60002ac000000000000000490001b02e
usphnu0012.ams.nestle.com,3par_usphn-c0000-oasis_ds27,naa.60002ac0000000000000004b0001b02e
usphnu0012.ams.nestle.com,3par_usphn-c0000-oasis_ds28,naa.60002ac0000000000000004c0001b02e
usphnu0012.ams.nestle.com,3par_usphn-c0000-oasis_ds29,naa.60002ac0000000000000004d0001b02e
usphnu0012.ams.nestle.com,3par_usphn-c0000-oasis_ds30,naa.60002ac0000000000000004e0001b02e
usphnu0012.ams.nestle.com,3par_usphn-c0000-oasis_ds31,naa.60002ac0000000000000004f0001b02e
usphnu0012.ams.nestle.com,3par_usphn-c0000-oasis_ds32,naa.60002ac000000000000000540001b02e
usphnu0012.ams.nestle.com,3par_usphn-c0000-oasis_ds33,naa.60002ac000000000000000550001b02e
usphnu0012.ams.nestle.com,3par_usphn-c0000-oasis_ds34,naa.60002ac000000000000000560001b02e
usphnu0012.ams.nestle.com,3par_usphn-c0000-oasis_ds35,naa.60002ac000000000000000420001b02e
usphnu0012.ams.nestle.com,3par_usphn-c0000-oasis_ds36,naa.60002ac000000000000000180001b02e
usphnu0012.ams.nestle.com,3par_usphn-c0000-oasis_ds37,naa.60002ac000000000000000190001b02e
usphnu0012.ams.nestle.com,3par_usphn-c0000-oasis_ds38,naa.60002ac0000000000000001a0001b02e
usphnu0012.ams.nestle.com,3par_usphn-c0000-oasis_ds39,naa.60002ac0000000000000001b0001b02e
usphnu0012.ams.nestle.com,3par_usphn-c0000-oasis_ds40,naa.60002ac0000000000000001c0001b02e
usphnu0012.ams.nestle.com,3par_usphn-c0000-oasis_ds41,naa.60002ac0000000000000001d0001b02e
usphnu0012.ams.nestle.com,3par_usphn-c0000-oasis_ds42,naa.60002ac0000000000000001e0001b02e
usphnu0012.ams.nestle.com,3par_usphn-c0000-oasis_ds43,naa.60002ac0000000000000001f0001b02e
usphnu0012.ams.nestle.com,3par_usphn-c0000-oasis_ds44,naa.60002ac000000000000000200001b02e
usphnu0012.ams.nestle.com,3par_usphn-c0000-oasis_ds45,naa.60002ac000000000000000210001b02e
usphnu0012.ams.nestle.com,3par_usphn-c0000-oasis_ds46,naa.60002ac000000000000000220001b02e
usphnu0012.ams.nestle.com,3par_usphn-c0000-oasis_ds47,naa.60002ac000000000000000230001b02e
usphnu0012.ams.nestle.com,3par_usphn-c0000-oasis_ds48,naa.60002ac000000000000000240001b02e
usphnu0012.ams.nestle.com,3par_usphn-c0000-oasis_ds49,naa.60002ac000000000000000250001b02e
usphnu0012.ams.nestle.com,3par_usphn-c0000-oasis_ds50,naa.60002ac000000000000000260001b02e
usphnu0012.ams.nestle.com,3par_usphn-c0000-oasis_ds51,naa.60002ac000000000000000270001b02e
usphnu0012.ams.nestle.com,3par_usphn-c0000-oasis_ds52,naa.60002ac000000000000000280001b02e
usphnu0012.ams.nestle.com,3par_usphn-c0000-oasis_ds53,naa.60002ac000000000000000290001b02e
usphnu0012.ams.nestle.com,3par_usphn-c0000-oasis_ds54,naa.60002ac0000000000000002a0001b02e
usphnu0012.ams.nestle.com,3par_usphn-c0000-oasis_ds55,naa.60002ac0000000000000002b0001b02e
usphnu0012.ams.nestle.com,3par_usphn-c0000-oasis_ds56,naa.60002ac0000000000000002c0001b02e
usphnu0012.ams.nestle.com,3par_usphn-c0000-oasis_ds57,naa.60002ac0000000000000002d0001b02e
usphnu0012.ams.nestle.com,3par_usphn-c0000-oasis_ds58,naa.60002ac0000000000000002e0001b02e
usphnu0012.ams.nestle.com,3par_usphn-c0000-oasis_ds59,naa.60002ac0000000000000002f0001b02e
usphnu0012.ams.nestle.com,3par_usphn-c0000-oasis_ds60,naa.60002ac000000000000000300001b02e
usphnu0012.ams.nestle.com,3par_usphn-c0000-oasis_ds61,naa.60002ac000000000000000310001b02e
usphnu0012.ams.nestle.com,3par_usphn-c0000-oasis_ds62,naa.60002ac000000000000000320001b02e
usphnu0012.ams.nestle.com,3par_usphn-c0000-oasis_ds63,naa.60002ac000000000000000330001b02e
usphnu0012.ams.nestle.com,3par_usphn-c0000-oasis_ds64,naa.60002ac000000000000000340001b02e
usphnu0012.ams.nestle.com,3par_usphn-c0000-oasis_ds65,naa.60002ac000000000000000350001b02e
usphnu0012.ams.nestle.com,3par_usphn-c0000-oasis_ds66,naa.60002ac000000000000000410001b02e
usphnu0012.ams.nestle.com,3par_usphn-c0000-oasis_ds67,naa.60002ac000000000000000470001b02e
usphnu0012.ams.nestle.com,3par_usphn-c0000-oasis_ds68,naa.60002ac0000000000000004a0001b02e
usphnu0012.ams.nestle.com,3par_usphn-c0000-oasis_ds69,naa.60002ac000000000000000500001b02e
usphnu0012.ams.nestle.com,3par_usphn-c0000-oasis_ds70,naa.60002ac000000000000000510001b02e
usphnu0012.ams.nestle.com,3par_usphn-c0000-oasis_ds71,naa.60002ac000000000000000520001b02e
usphnu0012.ams.nestle.com,3par_usphn-c0000-oasis_ds72,naa.60002ac000000000000000530001b02e
usphnu0012.ams.nestle.com,3par_usphn-c0000-oasis_ds73,naa.60002ac000000000000000580001b02e
usphnu0012.ams.nestle.com,3par_usphn-c0000-oasis_ds74,naa.60002ac000000000000000590001b02e
usphnu0012.ams.nestle.com,3par_usphn-c0000-oasis_ds75,naa.60002ac0000000000000005a0001b02e
usphnu0012.ams.nestle.com,3par_usphn-c0000-oasis_ds76,naa.60002ac0000000000000005b0001b02e
usphnu0012.ams.nestle.com,3par_usphn-c0000-oasis_ds77,naa.60002ac0000000000000005d0001b02e
usphnu0012.ams.nestle.com,3par_usphn-c0000-oasis_ds78,naa.60002ac0000000000000005e0001b02e
usphnu0012.ams.nestle.com,3par_usphn-c0000-oasis_ds79,naa.60002ac0000000000000005f0001b02e
usphnu0012.ams.nestle.com,3par_usphn-c0000-oasis_ds80,naa.60002ac000000000000000600001b02e
usphnu0012.ams.nestle.com,3par_usphn-c0000-oasis_ds81,naa.60002ac000000000000000610001b02e
usphnu0012.ams.nestle.com,3par_usphn-c0000-oasis_ds82,naa.60002ac000000000000000620001b02e
usphnu0012.ams.nestle.com,3par_usphn-c0000-oasis_ds83,naa.60002ac000000000000000630001b02e
usphnu0012.ams.nestle.com,3par_usphn-c0000-oasis_ds84,naa.60002ac000000000000000640001b02e
usphnu0012.ams.nestle.com,3par_usphn-c0000-oasis_ds85,naa.60002ac000000000000000650001b02e
usphnu0012.ams.nestle.com,3par_usphn-c0000-oasis_ds86,naa.60002ac000000000000000660001b02e
usphnu0012.ams.nestle.com,3par_usphn-c0000-oasis_ds87,naa.60002ac000000000000000670001b02e
usphnu0012.ams.nestle.com,3par_usphn-c0000-oasis_ds88,naa.60002ac000000000000000680001b02e
usphnu0012.ams.nestle.com,3par_usphn-c0000-oasis_ds89,naa.60002ac000000000000000690001b02e
usphnu0012.ams.nestle.com,3par_usphn-c0000-oasis_ds90,naa.60002ac0000000000000006a0001b02e
usphnu0012.ams.nestle.com,3par_usphn-c0000-oasis_ds91,naa.60002ac0000000000000006b0001b02e
usphnu0012.ams.nestle.com,3par_usphn-c0000-oasis_ds92,naa.60002ac0000000000000006c0001b02e
usphnu0012.ams.nestle.com,3par_usphn-c0000-oasis_ds93,naa.60002ac0000000000000006d0001b02e
usphnu0012.ams.nestle.com,3par_usphn-c0000-oasis_ds94,naa.60002ac0000000000000006f0001b02e
usphnu0012.ams.nestle.com,3par_usphn-c0000-oasis_ds95,naa.60002ac000000000000000360001b02e
usphnu0012.ams.nestle.com,3par_usphn-c0000-oasis_ds96,naa.60002ac000000000000000570001b02e
usphnu0012.ams.nestle.com,3par_usphn-c0000-oasis_ds97,naa.60002ac0000000000000005c0001b02e
usphnu0012.ams.nestle.com,3par_usphn-c0000-oasis_ds98,naa.60002ac000000000000000370001b02e
usphnu0012.ams.nestle.com,3par_usphn-c0000-oasis_ds99,naa.60002ac000000000000000380001b02e
usphnu0012.ams.nestle.com,3par_usphn-c0000-oasis_ds100,naa.60002ac000000000000000390001b02e
usphnu0012.ams.nestle.com,3par_usphn-c0000-oasis_ds101,naa.60002ac0000000000000003a0001b02e
usphnu0012.ams.nestle.com,3par_usphn-c0000-oasis_ds102,naa.60002ac0000000000000003b0001b02e
usphnu0012.ams.nestle.com,3par_usphn-c0000-oasis_ds103,naa.60002ac0000000000000003c0001b02e
usphnu0012.ams.nestle.com,3par_usphn-c0000-oasis_ds104,naa.60002ac0000000000000003d0001b02e
usphnu0012.ams.nestle.com,3par_usphn-c0000-oasis_ds105,naa.60002ac0000000000000006e0001b02e
usphnu0012.ams.nestle.com,3par_usphn-c0000-oasis_ds106,naa.60002ac000000000000000700001b02e
usphnu0012.ams.nestle.com,3par_usphn-c0000-oasis_ds107,naa.60002ac000000000000000710001b02e
usphnu0012.ams.nestle.com,3par_usphn-c0000-oasis_ds108,naa.60002ac0000000000000003e0001b02e
usphnu0012.ams.nestle.com,3par_usphn-c0000-oasis_ds109,naa.60002ac0000000000000003f0001b02e
usphnu0012.ams.nestle.com,3par_usphn-c0000-oasis_ds110,naa.60002ac000000000000000400001b02e
usphnu0013.ams.nestle.com,3par_usphn-c0000-oasis_ds06,naa.60002ac000000000000000090001b02e
usphnu0013.ams.nestle.com,3par_usphn-c0000-oasis_ds07,naa.60002ac0000000000000000a0001b02e
usphnu0013.ams.nestle.com,3par_usphn-c0000-oasis_ds08,naa.60002ac0000000000000000b0001b02e
usphnu0013.ams.nestle.com,3par_usphn-c0000-oasis_ds09,naa.60002ac0000000000000000c0001b02e
usphnu0013.ams.nestle.com,3par_usphn-c0000-oasis_ds10,naa.60002ac0000000000000000d0001b02e
usphnu0013.ams.nestle.com,3par_usphn-c0000-oasis_ds11,naa.60002ac0000000000000000e0001b02e
usphnu0013.ams.nestle.com,3par_usphn-c0000-oasis_ds12,naa.60002ac0000000000000000f0001b02e
usphnu0013.ams.nestle.com,3par_usphn-c0000-oasis_ds13,naa.60002ac000000000000000100001b02e
usphnu0013.ams.nestle.com,3par_usphn-c0000-oasis_ds14,naa.60002ac000000000000000110001b02e
usphnu0013.ams.nestle.com,3par_usphn-c0000-oasis_ds15,naa.60002ac000000000000000120001b02e
usphnu0013.ams.nestle.com,3par_usphn-c0000-oasis_ds16,naa.60002ac000000000000000130001b02e
usphnu0013.ams.nestle.com,3par_usphn-c0000-oasis_ds17,naa.60002ac000000000000000140001b02e
usphnu0013.ams.nestle.com,3par_usphn-c0000-oasis_ds18,naa.60002ac000000000000000150001b02e
usphnu0013.ams.nestle.com,3par_usphn-c0000-oasis_ds19,naa.60002ac000000000000000160001b02e
usphnu0013.ams.nestle.com,3par_usphn-c0000-oasis_ds20,naa.60002ac000000000000000170001b02e
usphnu0013.ams.nestle.com,3par_usphn-c0000-oasis_ds21,naa.60002ac000000000000000430001b02e
usphnu0013.ams.nestle.com,3par_usphn-c0000-oasis_ds22,naa.60002ac000000000000000440001b02e
usphnu0013.ams.nestle.com,3par_usphn-c0000-oasis_ds23,naa.60002ac000000000000000450001b02e
usphnu0013.ams.nestle.com,3par_usphn-c0000-oasis_ds24,naa.60002ac000000000000000460001b02e
usphnu0013.ams.nestle.com,3par_usphn-c0000-oasis_ds25,naa.60002ac000000000000000480001b02e
usphnu0013.ams.nestle.com,3par_usphn-c0000-oasis_ds26,naa.60002ac000000000000000490001b02e
usphnu0013.ams.nestle.com,3par_usphn-c0000-oasis_ds27,naa.60002ac0000000000000004b0001b02e
usphnu0013.ams.nestle.com,3par_usphn-c0000-oasis_ds28,naa.60002ac0000000000000004c0001b02e
usphnu0013.ams.nestle.com,3par_usphn-c0000-oasis_ds29,naa.60002ac0000000000000004d0001b02e
usphnu0013.ams.nestle.com,3par_usphn-c0000-oasis_ds30,naa.60002ac0000000000000004e0001b02e
usphnu0013.ams.nestle.com,3par_usphn-c0000-oasis_ds31,naa.60002ac0000000000000004f0001b02e
usphnu0013.ams.nestle.com,3par_usphn-c0000-oasis_ds32,naa.60002ac000000000000000540001b02e
usphnu0013.ams.nestle.com,3par_usphn-c0000-oasis_ds33,naa.60002ac000000000000000550001b02e
usphnu0013.ams.nestle.com,3par_usphn-c0000-oasis_ds34,naa.60002ac000000000000000560001b02e
usphnu0013.ams.nestle.com,3par_usphn-c0000-oasis_ds35,naa.60002ac000000000000000420001b02e
usphnu0013.ams.nestle.com,3par_usphn-c0000-oasis_ds36,naa.60002ac000000000000000180001b02e
usphnu0013.ams.nestle.com,3par_usphn-c0000-oasis_ds37,naa.60002ac000000000000000190001b02e
usphnu0013.ams.nestle.com,3par_usphn-c0000-oasis_ds38,naa.60002ac0000000000000001a0001b02e
usphnu0013.ams.nestle.com,3par_usphn-c0000-oasis_ds39,naa.60002ac0000000000000001b0001b02e
usphnu0013.ams.nestle.com,3par_usphn-c0000-oasis_ds40,naa.60002ac0000000000000001c0001b02e
usphnu0013.ams.nestle.com,3par_usphn-c0000-oasis_ds41,naa.60002ac0000000000000001d0001b02e
usphnu0013.ams.nestle.com,3par_usphn-c0000-oasis_ds42,naa.60002ac0000000000000001e0001b02e
usphnu0013.ams.nestle.com,3par_usphn-c0000-oasis_ds43,naa.60002ac0000000000000001f0001b02e
usphnu0013.ams.nestle.com,3par_usphn-c0000-oasis_ds44,naa.60002ac000000000000000200001b02e
usphnu0013.ams.nestle.com,3par_usphn-c0000-oasis_ds45,naa.60002ac000000000000000210001b02e
usphnu0013.ams.nestle.com,3par_usphn-c0000-oasis_ds46,naa.60002ac000000000000000220001b02e
usphnu0013.ams.nestle.com,3par_usphn-c0000-oasis_ds47,naa.60002ac000000000000000230001b02e
usphnu0013.ams.nestle.com,3par_usphn-c0000-oasis_ds48,naa.60002ac000000000000000240001b02e
usphnu0013.ams.nestle.com,3par_usphn-c0000-oasis_ds49,naa.60002ac000000000000000250001b02e
usphnu0013.ams.nestle.com,3par_usphn-c0000-oasis_ds50,naa.60002ac000000000000000260001b02e
usphnu0013.ams.nestle.com,3par_usphn-c0000-oasis_ds51,naa.60002ac000000000000000270001b02e
usphnu0013.ams.nestle.com,3par_usphn-c0000-oasis_ds52,naa.60002ac000000000000000280001b02e
usphnu0013.ams.nestle.com,3par_usphn-c0000-oasis_ds53,naa.60002ac000000000000000290001b02e
usphnu0013.ams.nestle.com,3par_usphn-c0000-oasis_ds54,naa.60002ac0000000000000002a0001b02e
usphnu0013.ams.nestle.com,3par_usphn-c0000-oasis_ds55,naa.60002ac0000000000000002b0001b02e
usphnu0013.ams.nestle.com,3par_usphn-c0000-oasis_ds56,naa.60002ac0000000000000002c0001b02e
usphnu0013.ams.nestle.com,3par_usphn-c0000-oasis_ds57,naa.60002ac0000000000000002d0001b02e
usphnu0013.ams.nestle.com,3par_usphn-c0000-oasis_ds58,naa.60002ac0000000000000002e0001b02e
usphnu0013.ams.nestle.com,3par_usphn-c0000-oasis_ds59,naa.60002ac0000000000000002f0001b02e
usphnu0013.ams.nestle.com,3par_usphn-c0000-oasis_ds60,naa.60002ac000000000000000300001b02e
usphnu0013.ams.nestle.com,3par_usphn-c0000-oasis_ds61,naa.60002ac000000000000000310001b02e
usphnu0013.ams.nestle.com,3par_usphn-c0000-oasis_ds62,naa.60002ac000000000000000320001b02e
usphnu0013.ams.nestle.com,3par_usphn-c0000-oasis_ds63,naa.60002ac000000000000000330001b02e
usphnu0013.ams.nestle.com,3par_usphn-c0000-oasis_ds64,naa.60002ac000000000000000340001b02e
usphnu0013.ams.nestle.com,3par_usphn-c0000-oasis_ds65,naa.60002ac000000000000000350001b02e
usphnu0013.ams.nestle.com,3par_usphn-c0000-oasis_ds66,naa.60002ac000000000000000410001b02e
usphnu0013.ams.nestle.com,3par_usphn-c0000-oasis_ds67,naa.60002ac000000000000000470001b02e
usphnu0013.ams.nestle.com,3par_usphn-c0000-oasis_ds68,naa.60002ac0000000000000004a0001b02e
usphnu0013.ams.nestle.com,3par_usphn-c0000-oasis_ds69,naa.60002ac000000000000000500001b02e
usphnu0013.ams.nestle.com,3par_usphn-c0000-oasis_ds70,naa.60002ac000000000000000510001b02e
usphnu0013.ams.nestle.com,3par_usphn-c0000-oasis_ds71,naa.60002ac000000000000000520001b02e
usphnu0013.ams.nestle.com,3par_usphn-c0000-oasis_ds72,naa.60002ac000000000000000530001b02e
usphnu0013.ams.nestle.com,3par_usphn-c0000-oasis_ds73,naa.60002ac000000000000000580001b02e
usphnu0013.ams.nestle.com,3par_usphn-c0000-oasis_ds74,naa.60002ac000000000000000590001b02e
usphnu0013.ams.nestle.com,3par_usphn-c0000-oasis_ds75,naa.60002ac0000000000000005a0001b02e
usphnu0013.ams.nestle.com,3par_usphn-c0000-oasis_ds76,naa.60002ac0000000000000005b0001b02e
usphnu0013.ams.nestle.com,3par_usphn-c0000-oasis_ds77,naa.60002ac0000000000000005d0001b02e
usphnu0013.ams.nestle.com,3par_usphn-c0000-oasis_ds78,naa.60002ac0000000000000005e0001b02e
usphnu0013.ams.nestle.com,3par_usphn-c0000-oasis_ds79,naa.60002ac0000000000000005f0001b02e
usphnu0013.ams.nestle.com,3par_usphn-c0000-oasis_ds80,naa.60002ac000000000000000600001b02e
usphnu0013.ams.nestle.com,3par_usphn-c0000-oasis_ds81,naa.60002ac000000000000000610001b02e
usphnu0013.ams.nestle.com,3par_usphn-c0000-oasis_ds82,naa.60002ac000000000000000620001b02e
usphnu0013.ams.nestle.com,3par_usphn-c0000-oasis_ds83,naa.60002ac000000000000000630001b02e
usphnu0013.ams.nestle.com,3par_usphn-c0000-oasis_ds84,naa.60002ac000000000000000640001b02e
usphnu0013.ams.nestle.com,3par_usphn-c0000-oasis_ds85,naa.60002ac000000000000000650001b02e
usphnu0013.ams.nestle.com,3par_usphn-c0000-oasis_ds86,naa.60002ac000000000000000660001b02e
usphnu0013.ams.nestle.com,3par_usphn-c0000-oasis_ds87,naa.60002ac000000000000000670001b02e
usphnu0013.ams.nestle.com,3par_usphn-c0000-oasis_ds88,naa.60002ac000000000000000680001b02e
usphnu0013.ams.nestle.com,3par_usphn-c0000-oasis_ds89,naa.60002ac000000000000000690001b02e
usphnu0013.ams.nestle.com,3par_usphn-c0000-oasis_ds90,naa.60002ac0000000000000006a0001b02e
usphnu0013.ams.nestle.com,3par_usphn-c0000-oasis_ds91,naa.60002ac0000000000000006b0001b02e
usphnu0013.ams.nestle.com,3par_usphn-c0000-oasis_ds92,naa.60002ac0000000000000006c0001b02e
usphnu0013.ams.nestle.com,3par_usphn-c0000-oasis_ds93,naa.60002ac0000000000000006d0001b02e
usphnu0013.ams.nestle.com,3par_usphn-c0000-oasis_ds94,naa.60002ac0000000000000006f0001b02e
usphnu0013.ams.nestle.com,3par_usphn-c0000-oasis_ds95,naa.60002ac000000000000000360001b02e
usphnu0013.ams.nestle.com,3par_usphn-c0000-oasis_ds96,naa.60002ac000000000000000570001b02e
usphnu0013.ams.nestle.com,3par_usphn-c0000-oasis_ds97,naa.60002ac0000000000000005c0001b02e
usphnu0013.ams.nestle.com,3par_usphn-c0000-oasis_ds98,naa.60002ac000000000000000370001b02e
usphnu0013.ams.nestle.com,3par_usphn-c0000-oasis_ds99,naa.60002ac000000000000000380001b02e
usphnu0013.ams.nestle.com,3par_usphn-c0000-oasis_ds100,naa.60002ac000000000000000390001b02e
usphnu0013.ams.nestle.com,3par_usphn-c0000-oasis_ds101,naa.60002ac0000000000000003a0001b02e
usphnu0013.ams.nestle.com,3par_usphn-c0000-oasis_ds102,naa.60002ac0000000000000003b0001b02e
usphnu0013.ams.nestle.com,3par_usphn-c0000-oasis_ds103,naa.60002ac0000000000000003c0001b02e
usphnu0013.ams.nestle.com,3par_usphn-c0000-oasis_ds104,naa.60002ac0000000000000003d0001b02e
usphnu0013.ams.nestle.com,3par_usphn-c0000-oasis_ds105,naa.60002ac0000000000000006e0001b02e
usphnu0013.ams.nestle.com,3par_usphn-c0000-oasis_ds106,naa.60002ac000000000000000700001b02e
usphnu0013.ams.nestle.com,3par_usphn-c0000-oasis_ds107,naa.60002ac000000000000000710001b02e
usphnu0013.ams.nestle.com,3par_usphn-c0000-oasis_ds108,naa.60002ac0000000000000003e0001b02e
usphnu0013.ams.nestle.com,3par_usphn-c0000-oasis_ds109,naa.60002ac0000000000000003f0001b02e
usphnu0013.ams.nestle.com,3par_usphn-c0000-oasis_ds110,naa.60002ac000000000000000400001b02e
